{"cameraMode":{"drawMode":0,"name":"Shaded","section":"Shading Mode"},"sceneLighting":false,"audioPlay":false,"sceneViewState":{"showFog":true,"showMaterialUpdate":true,"showSkybox":false,"showFlares":true,"showImageEffects":true,"showParticleSystems":true,"showVisualEffectGraphs":true,"m_FxEnabled":true},"in2DMode":false,"pivot":{"x":-1.2403748035430909,"y":2.6369054317474367,"z":-0.34411144256591799},"rotation":{"x":-0.08813045173883438,"y":0.3062761723995209,"z":-0.028383858501911165,"w":-0.9474735856056213},"size":4.168042182922363,"orthographic":false}