{"cameraMode":{"drawMode":0,"name":"Shaded","section":"Shading Mode"},"sceneLighting":false,"audioPlay":false,"sceneViewState":{"showFog":true,"showMaterialUpdate":false,"showSkybox":false,"showFlares":true,"showImageEffects":true,"showParticleSystems":true,"showVisualEffectGraphs":true,"m_FxEnabled":true},"in2DMode":false,"pivot":{"x":6.463706970214844,"y":1.5086312294006348,"z":40.974430084228519},"rotation":{"x":-0.20288413763046266,"y":-0.00822792761027813,"z":0.0017047070432454348,"w":-0.979167103767395},"size":1.7233682870864869,"orthographic":false}