{"cameraMode":{"drawMode":0,"name":"Shaded","section":"Shading Mode"},"sceneLighting":false,"audioPlay":false,"sceneViewState":{"showFog":true,"showMaterialUpdate":true,"showSkybox":false,"showFlares":true,"showImageEffects":true,"showParticleSystems":true},"in2DMode":false,"pivot":{"x":-2.4959444999694826e-7,"y":2.0899999141693117,"z":1.8623461723327637},"rotation":{"x":-0.218147873878479,"y":-0.4923713207244873,"z":0.12898625433444978,"w":-0.832695722579956},"size":3.1492230892181398,"orthographic":false}