{"cameraMode":{"drawMode":0,"name":"Shaded","section":"Shading Mode"},"sceneLighting":true,"audioPlay":false,"sceneViewState":{"showFog":true,"showMaterialUpdate":true,"showSkybox":false,"showFlares":true,"showImageEffects":true,"showParticleSystems":true},"in2DMode":false,"pivot":{"x":71.59468841552735,"y":-2.8218798637390138,"z":-88.64460754394531},"rotation":{"x":0.2678299844264984,"y":-0.024637214839458467,"z":0.006768595892935991,"w":0.9631696343421936},"size":13.237770080566407,"orthographic":false}