{"cameraMode":{"drawMode":0,"name":"Shaded","section":"Shading Mode"},"sceneLighting":false,"audioPlay":false,"sceneViewState":{"showFog":true,"showMaterialUpdate":true,"showSkybox":false,"showFlares":true,"showImageEffects":true,"showParticleSystems":true},"in2DMode":false,"pivot":{"x":-0.0000019073486328125,"y":0.23106400668621064,"z":-9.5367431640625e-7},"rotation":{"x":-0.4374138414859772,"y":0.00735160568729043,"z":-0.003495951183140278,"w":-0.8992674350738525},"size":0.615278422832489,"orthographic":false}