{"cameraMode":{"drawMode":0,"name":"Shaded","section":"Shading Mode"},"sceneLighting":false,"audioPlay":false,"sceneViewState":{"showFog":true,"showMaterialUpdate":true,"showSkybox":false,"showFlares":true,"showImageEffects":true,"showParticleSystems":true},"in2DMode":false,"pivot":{"x":-1.0756685733795167,"y":1.980154037475586,"z":-1.7706047296524048},"rotation":{"x":-0.0633605346083641,"y":0.8033872246742249,"z":-0.08685886859893799,"w":-0.5857250094413757},"size":5.838919639587402,"orthographic":false}