{"cameraMode":{"drawMode":0,"name":"Shaded","section":"Shading Mode"},"sceneLighting":false,"audioPlay":false,"sceneViewState":{"showFog":true,"showMaterialUpdate":true,"showSkybox":false,"showFlares":true,"showImageEffects":true,"showParticleSystems":true},"in2DMode":false,"pivot":{"x":1.2730000019073487,"y":2.3499996662139894,"z":0.0},"rotation":{"x":-0.25776708126068118,"y":-0.01014681439846754,"z":0.002688392996788025,"w":-0.9661762714385986},"size":4.123368740081787,"orthographic":false}