{"cameraMode":{"drawMode":0,"name":"Shaded","section":"Shading Mode"},"sceneLighting":false,"audioPlay":false,"sceneViewState":{"showFog":true,"showMaterialUpdate":true,"showSkybox":false,"showFlares":true,"showImageEffects":true,"showParticleSystems":true},"in2DMode":false,"pivot":{"x":0.33547544479370119,"y":1.5451970100402833,"z":1.1282658576965333},"rotation":{"x":-0.3043225407600403,"y":0.40195605158805849,"z":-0.14366228878498078,"w":-0.8516049385070801},"size":12.718637466430664,"orthographic":false}