{"cameraMode":{"drawMode":0,"name":"Shaded","section":"Shading Mode"},"sceneLighting":false,"audioPlay":false,"sceneViewState":{"showFog":true,"showMaterialUpdate":false,"showSkybox":false,"showFlares":true,"showImageEffects":true,"showParticleSystems":true,"showVisualEffectGraphs":true,"m_FxEnabled":true},"in2DMode":false,"pivot":{"x":-8.800049781799317,"y":-3.298879623413086,"z":28.501880645751954},"rotation":{"x":-0.0015793951461091638,"y":-0.9821012020111084,"z":0.18817447125911714,"w":-0.008243718184530735},"size":8.202983856201172,"orthographic":false}